SECTION-4 XML
-----------------

1.)

<?XML VERSION="1.0">
<table>
	<electricity_consumer>
		<consumerNo> 1001 </consumerNo>
		<ConsumerName> Seema Joshi </ConsumerName>
		<emailid> Seema.Joshi@gmail.com </emailid>
		<UnitsConsumed> 250 </UnitsConsumed>
	</electricity_consumer>
	
	<electricity_consumer>
		<consumerNo> 1002 </consumerNo>
		<ConsumerName> Amey Joshi </ConsumerName>
		<emailid> Amey.j@cg.com </emailid>
		<UnitsConsumed> 345 </UnitsConsumed>
	</electricity_consumer>
	
	<electricity_consumer>
		<consumerNo> 1003 </consumerNo>
		<ConsumerName> Pravin </ConsumerName>
		<emailid> Pravin.t@cg.com </emailid>
		<UnitsConsumed> 457 </UnitsConsumed>
	</electricity_consumer>
	
	<electricity_consumer>
		<consumerNo> 1004 </consumerNo>
		<ConsumerName> Manoj Kulkarni </ConsumerName>
		<emailid> majon@gmail.com </emailid>
		<UnitsConsumed> 780 </UnitsConsumed>
	</electricity_consumer>
	
	<electricity_consumer>
		<consumerNo> 1005 </consumerNo>
		<ConsumerName> Shrikant Shinde </ConsumerName>
		<emailid> Shrikant.shinde@gmail.com </emailid>
		<UnitsConsumed> 90 </UnitsConsumed>
	</electricity_consumer>
	
	<electricity_consumer>
		<consumerNo> 1006 </consumerNo>
		<ConsumerName> Mahesh B </ConsumerName>
		<emailid> bMahesh@yahoo.com </emailid>
		<UnitsConsumed> 720 </UnitsConsumed>
	</electricity_consumer>
</table>